date,meantemp,humidity,wind_speed,meanpressure
01/01/13,10,84.5,0,1015.6666666666666
02/01/13,7.4,92,2.98,1017.8
03/01/13,7.166666666666667,87,4.633333333333334,1018.6666666666666
04/01/13,8.666666666666666,71.33333333333333,1.2333333333333334,1017.1666666666666
05/01/13,6,86.83333333333333,3.6999999999999997,1016.5
06/01/13,7,82.8,1.48,1018
07/01/13,7,78.6,6.3,1020
08/01/13,8.857142857142858,63.714285714285715,7.142857142857143,1018.7142857142857
09/01/13,14,51.25,12.5,1017
10/01/13,11,62,7.3999999999999995,1015.6666666666666
11/01/13,15.714285714285714,51.285714285714285,10.571428571428571,1016.1428571428571
12/01/13,14,74,13.228571428571428,1015.5714285714286
13/01/13,15.833333333333334,75.16666666666667,4.633333333333334,1013.3333333333334
14/01/13,12.833333333333334,88.16666666666667,0.6166666666666667,1015.1666666666666
15/01/13,14.714285714285714,71.85714285714286,0.5285714285714286,1015.8571428571429
16/01/13,13.833333333333334,86.66666666666667,0,1016.6666666666666
17/01/13,16.5,80.83333333333333,5.250000000000001,1015.8333333333334
18/01/13,13.833333333333334,92.16666666666667,8.950000000000001,1014.5
19/01/13,12.5,76.66666666666667,5.883333333333333,1021.6666666666666
20/01/13,11.285714285714286,75.28571428571429,8.471428571428572,1020.2857142857143
21/01/13,11.2,77,2.22,1021
22/01/13,9.5,79.66666666666667,3.0833333333333335,1021.8
23/01/13,14,60.166666666666664,4.016666666666667,1020.5
24/01/13,13.833333333333334,60.666666666666664,6.166666666666667,1020.5
25/01/13,12.25,67,5.55,1020.75
26/01/13,12.666666666666666,64.16666666666667,6.800000000000001,1019.6666666666666
27/01/13,12.857142857142858,65.57142857142857,5.557142857142857,1018.1428571428571
28/01/13,14.833333333333334,56,3.6999999999999997,1017.8333333333334
29/01/13,14.125,65.5,3.2375,1016.625
30/01/13,14.714285714285714,70.42857142857143,1.0571428571428572,1017.8571428571429
31/01/13,16.2,65.6,2.96,1018.4
01/02/13,16,73,2.22,1016
02/02/13,16.285714285714285,77.57142857142857,1.3285714285714287,1017.1428571428571
03/02/13,18,65.57142857142857,1.8571428571428572,1015.2857142857143
04/02/13,17.428571428571427,74.28571428571429,11.114285714285714,1014.5714285714286
05/02/13,16.625,92.375,9.725000000000001,1016.375
06/02/13,16.666666666666668,71.33333333333333,8.633333333333333,1018.6666666666666
07/02/13,15.6,59.4,10.74,1018.6
08/02/13,14,70.42857142857143,9.257142857142856,1017.1428571428571
09/02/13,15.428571428571429,61.285714285714285,9.257142857142856,1016.8571428571429
10/02/13,15.25,71.5,3.4749999999999996,1017.125
11/02/13,15.875,70.5,5.325,1016.5
12/02/13,15.333333333333334,70.33333333333333,7.416666666666667,1017.5
13/02/13,16.285714285714285,70.14285714285714,6.085714285714287,1016
14/02/13,,63.833333333333336,4.333333333333333,1014.1666666666666
15/02/13,19.166666666666668,65.33333333333333,10.183333333333335,1011.6666666666666
16/02/13,14.428571428571429,92.71428571428571,8.485714285714286,1008
17/02/13,13.666666666666666,90,0,1012.6666666666666
18/02/13,15.6,78.4,12.220000000000002,1016.2
19/02/13,15.857142857142858,82,5.814285714285715,1015.7142857142857
20/02/13,17.714285714285715,74.71428571428571,5.814285714285715,1017
21/02/13,20,67.28571428571429,6.614285714285714,1015.4285714285714
22/02/13,20.5,65.625,10.875000000000002,1016
23/02/13,17.428571428571427,74.85714285714286,9.257142857142856,1017
24/02/13,16.857142857142858,78.85714285714286,7.400000000000001,1018.8571428571429
25/02/13,16.875,72.875,4.6375,1018.25
26/02/13,17.857142857142858,70,17.587500000000002,1015.1428571428571
27/02/13,20.8,57.2,6.660000000000001,1015.2
28/02/13,19.428571428571427,52.857142857142854,12.957142857142857,1017.4285714285714
01/03/13,17.333333333333332,49.333333333333336,24.066666666666663,1016.3333333333334
02/03/13,19,54,15.725,1016.25
03/03/13,19.333333333333332,62.833333333333336,8.633333333333333,1016.1666666666666
04/03/13,17.6,71,5.5600000000000005,1015.8
05/03/13,20.875,61.875,4.1625000000000005,1016.375
06/03/13,20.857142857142858,65.28571428571429,6.871428571428573,1015.7142857142857
07/03/13,23.428571428571427,57.142857142857146,8.728571428571428,1015.2857142857143
08/03/13,24.166666666666668,44.833333333333336,7.1000000000000005,1014.8333333333334
09/03/13,25.428571428571427,49.714285714285715,5.285714285714286,1009.2857142857143
10/03/13,23.142857142857142,57.57142857142857,4.228571428571429,1008
11/03/13,24,66.33333333333333,0.9333333333333332,1011.1666666666666
12/03/13,23.5,62.5,4.933333333333334,1011.5
13/03/13,21.5,70.5,5.55,1009
14/03/13,22.333333333333332,61.166666666666664,12.033333333333333,1013.1666666666666
15/03/13,24.166666666666668,45.833333333333336,7.716666666666668,1016.1666666666666
16/03/13,20.333333333333332,67.66666666666667,3.6999999999999997,1016.1666666666666
17/03/13,,58.666666666666664,8.95,1015
18/03/13,23.428571428571427,58.142857142857146,17.457142857142856,1009.4285714285714
19/03/13,22.5,73.66666666666667,10.483333333333333,1011
20/03/13,29.166666666666668,36.333333333333336,6.800000000000001,1009.5
21/03/13,23.833333333333332,58.5,10.5,1008.3333333333334
22/03/13,25.25,50.25,9.7125,1006.375
23/03/13,27.375,50.125,9.950000000000001,1007.625
24/03/13,27,48.75,10.8875,1010.25
25/03/13,23.5,45.5,15.962499999999999,1010.625
26/03/13,24.142857142857142,44.57142857142857,12.957142857142857,1008.8571428571429
27/03/13,21,62,1.85,1009
28/03/13,22.428571428571427,62.714285714285715,7.4142857142857155,1009.5714285714286
29/03/13,21.25,70.375,5.550000000000001,1009.75
30/03/13,23.5,54.75,11.112499999999999,1008.625
31/03/13,23.2,58,6.660000000000001,1008.6
01/04/13,25.375,45.5,4.4,1008.5
02/04/13,25.166666666666668,51,8.65,1009.5
03/04/13,26.2,45.6,8.14,1009
04/04/13,24.6,41.8,11.120000000000001,1007.8
05/04/13,25.6,31,15.559999999999999,1007
06/04/13,25.857142857142858,29.857142857142858,11.900000000000002,1006.1428571428571
07/04/13,29.142857142857142,23.285714285714285,10.314285714285715,1005
08/04/13,28.714285714285715,33.857142857142854,5.3,1006
09/04/13,30.166666666666668,30.5,8.65,1005.3333333333334
10/04/13,30,28,6.1,1006.7142857142857
11/04/13,30,24.2,7.780000000000001,1006.4
12/04/13,28.857142857142858,32.57142857142857,6.342857142857143,1007.5714285714286
13/04/13,30.2,29.2,10.000000000000002,1008.4
14/04/13,28.25,39.375,6.487499999999999,1007
15/04/13,28.25,41.375,6.25,1003.875
16/04/13,32.125,24.625,10.424999999999999,1000
17/04/13,29.2,24.2,6.659999999999999,1002.2
18/04/13,30.285714285714285,30.285714285714285,4.757142857142858,1002.8571428571429
19/04/13,28.285714285714285,31.285714285714285,3.971428571428571,1002.5714285714286
20/04/13,30.625,29,7.6375,1003.375
21/04/13,27.666666666666668,38.666666666666664,13.883333333333333,1006.8333333333334
22/04/13,27.375,45.375,7.650000000000001,1010
23/04/13,28.625,44.125,4.625000000000001,1009.875
24/04/13,30.285714285714285,41.714285714285715,2.1142857142857143,1008.5714285714286
25/04/13,31.142857142857142,38.285714285714285,3.7,1007.7142857142857
26/04/13,29.875,45.875,6.7125,1008.375
27/04/13,31.142857142857142,31.428571428571427,13.485714285714286,1007
28/04/13,30.571428571428573,28,12.971428571428572,1005.4285714285714
29/04/13,32.125,26.375,7.875,1004.875
30/04/13,31.142857142857142,32,7.928571428571429,1004.8571428571429
01/05/13,31.857142857142858,15.857142857142858,12.685714285714287,1002.8333333333334
02/05/13,,22.166666666666668,11.433333333333335,1001.2
03/05/13,28.571428571428573,31.571428571428573,9,999.4285714285714
04/05/13,32.857142857142854,31.428571428571427,2.914285714285714,999
05/05/13,32.625,31.125,3.0125,1000.625
06/05/13,32.75,39.25,3.7,1001.625
07/05/13,32.875,33.25,7.175000000000001,1002
08/05/13,34.5,23,9.25,1001.1666666666666
09/05/13,34.285714285714285,26,8.985714285714284,1000.8571428571429
10/05/13,34,27.714285714285715,9.528571428571428,1000.1428571428571
11/05/13,30.75,30.375,14.8125,999.875
12/05/13,29.857142857142858,40.142857142857146,5.828571428571428,1003.7142857142857
13/05/13,31.714285714285715,34,3.9714285714285715,1003.5714285714286
14/05/13,32.285714285714285,34.285714285714285,4.771428571428571,1001.5714285714286
15/05/13,33,33,3.2375000000000003,999.8571428571429
16/05/13,33,34.75,7.175000000000001,998.5
17/05/13,32.833333333333336,28.166666666666668,9.866666666666667,1000.3333333333334
18/05/13,31.4,42.2,12.966666666666669,999
19/05/13,35.333333333333336,22.333333333333332,15.749999999999998,999.6666666666666
20/05/13,36.4,24.2,7.4,998.4
21/05/13,36,19,11.371428571428572,998.6666666666666
22/05/13,36.75,22.125,17.5875,998.625
23/05/13,37.5,23.333333333333332,13.566666666666668,997.1666666666666
24/05/13,38.42857142857143,27.428571428571427,11.385714285714286,996.4285714285714
25/05/13,38.714285714285715,22.428571428571427,10.314285714285715,998.1428571428571
26/05/13,37.8,21.2,10.74,998.2
27/05/13,35.857142857142854,31.571428571428573,8.728571429,999.1428571428571
28/05/13,35.333333333333336,29,8.333333333333334,1000.1666666666666
29/05/13,34.142857142857146,27.857142857142858,5.557142857142858,999.4285714285714
30/05/13,32.2,28.2,5.5600000000000005,999.6
31/05/13,33.625,40.125,10.6375,998.7142857142857
01/06/13,32,54,13.4375,998.75
02/06/13,32.4,56.6,14.200000000000001,1001
03/06/13,35.6,47,12.239999999999998,999.6
04/06/13,35.857142857142854,42.57142857142857,5.028571428571429,999.8571428571429
05/06/13,37.166666666666664,36.5,9.866666666666665,998
06/06/13,31.285714285714285,61.714285714285715,10.042857142857144,997.2857142857143
07/06/13,34,49.25,7.412500000000001,998
08/06/13,34.2,57.4,13.34,997
09/06/13,36.166666666666664,40,11.416666666666666,995.1666666666666
10/06/13,36.625,42.75,8.100000000000001,995.125
11/06/13,30.166666666666668,61.666666666666664,16.349999999999998,1000
12/06/13,34.142857142857146,54.142857142857146,7.4142857142857155,998
13/06/13,29.833333333333332,68.66666666666667,9.866666666666665,998.6666666666666
14/06/13,30.142857142857142,68.14285714285714,7.942857142857142,997.4285714285714
15/06/13,30.714285714285715,65,13.22857142857143,997.8571428571429
16/06/13,27,88.85714285714286,8.485714285714286,996.4285714285714
17/06/13,26.875,87.375,8.3375,994.75
18/06/13,28.4,83.6,5.18,996.4
19/06/13,29.857142857142858,72.85714285714286,4.228571428571429,999
20/06/13,33,52.714285714285715,4.771428571428571,997.1666666666666
21/06/13,34.833333333333336,47.333333333333336,5.866666666666667,995.3333333333334
22/06/13,35.6,39.4,10.74,996.2
23/06/13,35.166666666666664,53,8.350000000000001,995.6666666666666
24/06/13,33.142857142857146,55,13.22857142857143,996.2857142857143
25/06/13,30.571428571428573,70.42857142857143,11.114285714285716,999.1666666666666
26/06/13,30.666666666666668,71.5,6.483333333333333,999
27/06/13,31.428571428571427,61.857142857142854,7.957142857142856,996.7142857142857
28/06/13,31.5,64.25,8.8125,996
29/06/13,33.25,57,13.875,995.25
30/06/13,32.833333333333336,52.166666666666664,10.5,997.1666666666666
01/07/13,33.857142857142854,54,8.728571428571428,996.4285714285714
02/07/13,33.142857142857146,58.285714285714285,9.799999999999999,996
03/07/13,31.571428571428573,70,6.357142857142857,997.5714285714286
04/07/13,32.375,67.5,9.25,997
05/07/13,32.8,62.2,12.959999999999999,997.8
06/07/13,31,73.14285714285714,11.37142857142857,1000.5714285714286
07/07/13,31.166666666666668,77.33333333333333,7.1000000000000005,1000.1666666666666
08/07/13,29.833333333333332,75.16666666666667,6.483333333333334,997.5
09/07/13,29,78.83333333333333,8.016666666666667,996.8333333333334
10/07/13,29.75,75.375,6.4875,995.75
11/07/13,32.5,65.5,7.116666666666667,997.3333333333334
12/07/13,28.875,86.625,5.562500000000001,1000
13/07/13,31.75,70.25,12.0625,998.875
14/07/13,30.75,71.625,4.8125,997.375
15/07/13,31.75,73.25,13.537500000000001,998.375
16/07/13,29.875,83.875,9,999
17/07/13,31.125,78.375,8.65,998
18/07/13,31.75,76,5.550000000000001,995
19/07/13,30.5,73.5,9.266666666666666,995.3333333333334
20/07/13,26.833333333333332,90.66666666666667,4.933333333333333,999.1666666666666
21/07/13,28.2,88,2.2399999999999998,996.4
22/07/13,29.5,80.33333333333333,4.333333333333333,996.8333333333334
23/07/13,31.857142857142858,70.71428571428571,3.9714285714285715,998
24/07/13,29.714285714285715,84.14285714285714,3.971428571428571,997.1428571428571
25/07/13,28.333333333333332,84.5,8.016666666666667,995.1666666666666
26/07/13,30,73.85714285714286,5.571428571428572,995.4285714285714
27/07/13,30.142857142857142,79,4.228571428571429,997.2857142857143
28/07/13,32.285714285714285,67.42857142857143,6.085714285714286,998.1428571428571
29/07/13,31,77.42857142857143,4.771428571428571,997.1428571428571
30/07/13,30.5,75.66666666666667,8.016666666666667,996.5
31/07/13,28.833333333333332,78.5,9.866666666666665,996.6666666666666
01/08/13,30,73.5,5.550000000000001,998
02/08/13,31.571428571428573,66.42857142857143,11.114285714285716,999.4285714285714
03/08/13,32.5,62.333333333333336,10.816666666666665,1000.8333333333334
04/08/13,32.5,62.5,5.1,993.25
05/08/13,29.5,77,6.783333333333334,1001
06/08/13,27.166666666666668,90.66666666666667,4.016666666666667,1002.1666666666666
07/08/13,28.375,85.25,3.25,1001.875
08/08/13,28.5,84,6.166666666666667,1000.5
09/08/13,27.166666666666668,87.5,3.716666666666667,1001
10/08/13,29.428571428571427,79.85714285714286,6.1000000000000005,1000.3333333333334
11/08/13,30,76.83333333333333,6.800000000000001,1001.1666666666666
12/08/13,29.5,81.5,8.350000000000001,1001
13/08/13,30.75,72,11.125,999.25
14/08/13,,74.33333333333333,9.866666666666667,999.8333333333334
15/08/13,,85,8.2,1001.7142857142857
16/08/13,,92,4.46,1000.8
17/08/13,,91,14.285714285714286,999.4285714285714
18/08/13,,83.83333333333333,1.2333333333333334,1000.1666666666666
19/08/13,,84.66666666666667,5.550000000000001,1000.5
20/08/13,,88.5,5.325,999
21/08/13,,81.16666666666667,10.314285714285717,999.2857142857143
22/08/13,,74.83333333333333,6.483333333333334,1001.1666666666666
23/08/13,31.285714285714285,73.14285714285714,2.642857142857143,1001.4285714285714
24/08/13,32,71.25,18.525,1000.3333333333334
25/08/13,29,90.75,0.925,998.75
26/08/13,32,69.875,6.475,997.8571428571429
27/08/13,32.142857142857146,57.285714285714285,17.071428571428573,999.8571428571429
28/08/13,30.142857142857142,60.714285714285715,11.642857142857142,1003.7142857142857
29/08/13,31.5,57,9.275,1003.25
30/08/13,29.166666666666668,73,3.1,1003.5
31/08/13,29,71.75,4.65,1003.25
01/09/13,30,65.2,11.48,1003.2
02/09/13,31.857142857142858,50.857142857142854,15.342857142857142,1003.7142857142857
03/09/13,32.75,45.5,14.799999999999999,1001.5
04/09/13,31.714285714285715,48,14.542857142857141,1002.1666666666666
05/09/13,31.666666666666668,46,13.566666666666668,1001.5
06/09/13,30.571428571428573,55.714285714285715,10.042857142857144,1003.4285714285714
07/09/13,30.833333333333332,51.833333333333336,6.783333333333334,1004.1666666666666
08/09/13,28,71.75,2.325,1007.25
09/09/13,31,57.5,42.22,1007
10/09/13,29.666666666666668,66.33333333333333,3.6999999999999997,1005.3333333333334
11/09/13,30.857142857142858,61.142857142857146,3.971428571428571,1005.5714285714286
12/09/13,31.166666666666668,60.333333333333336,2.7833333333333337,1008.1666666666666
13/09/13,31.142857142857142,67.14285714285714,3.1714285714285717,1007.1428571428571
14/09/13,30.5,67,2.7833333333333337,1003.8333333333334
15/09/13,31.625,56.375,3.9375,1001.375
16/09/13,29.666666666666668,60,7.100000000000001,1002.3333333333334
17/09/13,29.25,56.5,3.475,1002.875
18/09/13,29.142857142857142,58.57142857142857,5.557142857142858,1003.1428571428571
19/09/13,29.8,61.6,2.96,1001.8
20/09/13,28.666666666666668,70,9.583333333333334,1003
21/09/13,25.2,89,5.18,1003
22/09/13,28.333333333333332,79.66666666666667,3.0833333333333335,1001.6666666666666
23/09/13,30.285714285714285,68,4.5,1001
24/09/13,30.75,65.75,5.7875000000000005,1002.75
25/09/13,28.571428571428573,75,6.614285714285715,1005.4285714285714
26/09/13,28.2,78.8,4.08,1006.6
27/09/13,29,71.25,7.4125000000000005,1005.625
28/09/13,30,67.33333333333333,1.2333333333333334,1005.3333333333334
29/09/13,28.142857142857142,79.85714285714286,5.557142857142858,1003.8571428571429
30/09/13,26.857142857142858,84.57142857142857,4.228571428571429,1004.7142857142857
01/10/13,28.285714285714285,68.71428571428571,6.371428571428571,1007.7142857142857
02/10/13,29.2,61.4,7.42,1010
03/10/13,28.6,59,7.4,1008.6
04/10/13,24.833333333333332,84.33333333333333,6.783333333333334,1007.5
05/10/13,28.5,69,2.0875,1004.125
06/10/13,29.75,66.5,1.85,1005.25
07/10/13,29.714285714285715,66.57142857142857,1.5857142857142859,1008.8571428571429
08/10/13,29.2,69.4,0,1009.8
09/10/13,30.833333333333332,65.5,5.566666666666667,1010.3333333333334
10/10/13,29.428571428571427,66.28571428571429,3.9714285714285715,1010.8571428571429
11/10/13,23.857142857142858,89.85714285714286,4.242857142857143,1010.5714285714286
12/10/13,26.142857142857142,82.57142857142857,2.914285714285714,1008.2857142857143
13/10/13,27.166666666666668,84.33333333333333,0.6166666666666667,1007.6666666666666
14/10/13,27.714285714285715,74.85714285714286,5.557142857142858,1007
15/10/13,25.857142857142858,76.42857142857143,3.6999999999999997,1009.1428571428571
16/10/13,,75,0,1009
17/10/13,,76.71428571428571,1.0571428571428572,1010.4285714285714
18/10/13,,73.16666666666667,0,1010.5
19/10/13,,69.57142857142857,2.1142857142857143,1011.5714285714286
20/10/13,,67.83333333333333,1.55,1010.6666666666666
21/10/13,,63.625,1.3875000000000002,1009.875
22/10/13,,53.6,0,1011
23/10/13,,67.5,1.1625,1013.625
24/10/13,,73.14285714285714,1.0571428571428572,1013.2857142857143
25/10/13,,75.8,1.86,1011
26/10/13,,78.2,0.74,1011.2
27/10/13,,66.875,2.5500000000000003,1010.625
28/10/13,,63.166666666666664,4.933333333333334,1010
29/10/13,,62.714285714285715,3.971428571428571,1011.1428571428571
30/10/13,,67.42857142857143,2.385714285714286,1012.8571428571429
31/10/13,23.666666666666668,58.833333333333336,3.0833333333333335,1012.8333333333334
01/11/13,23.428571428571427,69.14285714285714,1.0571428571428572,1013.2857142857143
02/11/13,21.625,65,4.6375,1014.5
03/11/13,20.625,57.875,5.5625,1016
04/11/13,21.166666666666668,54.166666666666664,2.466666666666667,1017.5
05/11/13,18.833333333333332,74.33333333333333,0,1017.5
06/11/13,20.571428571428573,66.71428571428571,3.1857142857142855,1015.8571428571429
07/11/13,20.142857142857142,73.14285714285714,4.500000000000001,1015.6666666666666
08/11/13,18,82.2,19.9125,1015.625
09/11/13,19.857142857142858,73.57142857142857,0.5285714285714286,1016.7142857142857
10/11/13,16.833333333333332,72,2.466666666666667,1016
11/11/13,18.857142857142858,61.857142857142854,5.814285714285715,1013.4285714285714
12/11/13,16.571428571428573,71.71428571428571,0.7999999999999999,1013.8571428571429
13/11/13,17.75,65,3.0125,1014.25
14/11/13,17.625,63.375,3.475,1015.25
15/11/13,17,67,0.925,1016.5
16/11/13,16.625,69.625,0,1018
17/11/13,15.571428571428571,67.42857142857143,2.3857142857142857,1017.7142857142857
18/11/13,18.5,55.125,7.412500000000001,1016.875
19/11/13,17.875,63.5,7.175,1015.5
20/11/13,18.25,58.875,2.55,1012.75
21/11/13,17.875,66.25,2.0875,1013.125
22/11/13,17.625,74.875,1.1625,1015.75
23/11/13,18.142857142857142,77.85714285714286,0.7999999999999999,1014.5714285714286
24/11/13,19.125,58.875,5.0875,1014.5
25/11/13,21.25,49.875,9.5,1012.875
26/11/13,21.25,51.375,9.75,1011.75
27/11/13,19.125,68.5,2.7875,1014.75
28/11/13,18.625,71.875,1.85,1017.75
29/11/13,17.75,66.625,4.8625,1016.875
30/11/13,17.875,69.625,11.8125,1015.875
01/12/13,18,65,1.5857142857142859,1016.1428571428571
02/12/13,17.25,73.25,1.85,1015.875
03/12/13,17.5,73.5,1.3875,1016.75
04/12/13,17.142857142857142,71.85714285714286,4.228571428571429,1017
05/12/13,17.142857142857142,69,6.885714285714286,1015.2857142857143
06/12/13,16.125,72.375,3.7125000000000004,1014
07/12/13,16,80.5,1.1625,1014.25
08/12/13,16.5,83.625,0,1014
09/12/13,16.125,79.25,2.3125,1013.5
10/12/13,15.5,81.75,2.55,1013.75
11/12/13,16.625,71.875,6.475000000000001,1014.125
12/12/13,17.75,62.375,16.9,1012.5
13/12/13,17.142857142857142,67.71428571428571,11.62857142857143,1012
14/12/13,16.142857142857142,79,0.7999999999999999,1012.5714285714286
15/12/13,15.5,86.25,2.55,1015.125
16/12/13,15.25,89.5,1.1625,1015.625
17/12/13,14.75,92.875,0.925,1014.25
18/12/13,14.875,93,2.0875,1012.625
19/12/13,16.125,89.125,3.2499999999999996,1012.875
20/12/13,15.375,91.375,4.4125000000000005,1016
21/12/13,14.75,94,0.4625,1017
22/12/13,15.25,94,1.3875000000000002,1018.375
23/12/13,14.25,88.25,9.025,1020.5
24/12/13,13.5,84.75,5.7875000000000005,1021.375
25/12/13,13.666666666666666,63.166666666666664,34.4875,1020.625
26/12/13,12.125,67.625,4.4,1019.25
27/12/13,11.875,79.875,1.1625,1018.625
28/12/13,10.875,70,5.325,1019.25
29/12/13,10.571428571428571,69.42857142857143,5.325,1018.5
30/12/13,12.375,79.5,6.4750000000000005,1018.125
31/12/13,14.5,89.375,4.862500000000001,1020.5
01/01/14,13.375,89.625,7.65,1021
02/01/14,11,78.375,8.1,1020.25
03/01/14,12.5,74.875,5.325,1017.75
04/01/14,12.875,88.125,1.1625,1016.25
05/01/14,12.375,89,0.4625,1014.5
06/01/14,11.428571428571429,86.28571428571429,27.3375,1017.625
07/01/14,12.142857142857142,72.28571428571429,20.599999999999998,1017.75
08/01/14,11.875,76.875,1.85,1017.875
09/01/14,12.833333333333334,83,1.2333333333333334,1017
10/01/14,12.375,85.375,0,1016.625
11/01/14,12.125,82.625,6.7250000000000005,1019.625
12/01/14,12.875,80.875,3.2500000000000004,1020.75
13/01/14,14,72.375,1.1625,1019.375
14/01/14,14.875,76.75,2.7875,1017
15/01/14,12,93.5,0.4625,1019.75
16/01/14,12.285714285714286,90.57142857142857,1.5857142857142859,1019.5714285714286
17/01/14,12,95.75,1.1625,1017.625
18/01/14,12.5,94.25,1.85,1020.25
19/01/14,14.5,84.5,3.4749999999999996,1023
20/01/14,14.625,83.5,4.4125000000000005,1021.375
21/01/14,13.571428571428571,96.85714285714286,7.171428571428572,1020.5714285714286
22/01/14,15.25,96.125,6.7124999999999995,1019.875
23/01/14,15.625,90.125,6.7125,1020.25
24/01/14,13.875,88.875,8.1125,1019.25
25/01/14,11.75,95.625,8.3375,1019.75
26/01/14,14.375,85.75,8.8125,1019.125
27/01/14,16.625,72.375,9.950000000000001,1018.75
28/01/14,16.625,69.875,7.4125000000000005,1016.75
29/01/14,14.875,81.875,4.625000000000001,1018.625
30/01/14,14.5,83.25,0.925,1019.375
31/01/14,14.75,82.5,3.0125,1019.25
01/02/14,14,79.375,2.55,1019.75
02/02/14,15.25,76.125,1.85,1016.875
03/02/14,18.428571428571427,63.857142857142854,12.2875,1014.125
04/02/14,18.857142857142858,65.42857142857143,13.424999999999999,1011
05/02/14,17,72.75,1.625,1011.5
06/02/14,18.5,65.375,6.012500000000001,1010.875
07/02/14,19.625,67.25,15.049999999999999,1009.25
08/02/14,13.625,85.375,8.1125,1011.375
09/02/14,12.875,63.375,9.2625,1012
10/02/14,12.625,61.75,3.7,1012.5
11/02/14,13.375,64.625,3.7,1013.5
12/02/14,13.25,67,9.262500000000001,1013.5
13/02/14,15.25,64.5,4.875,1013.625
14/02/14,13,95.5,5.3375,1011.875
15/02/14,12.375,89.5,3.9375,1012.875
16/02/14,13.5,79,8.7875,1016
17/02/14,15.125,66.125,12.725,1017.75
18/02/14,15.25,60.125,8.799999999999999,1017.375
19/02/14,15.125,75.375,1.85,1016.625
20/02/14,16.125,78.625,1.8625,1014.75
21/02/14,17.125,72.25,8.7875,1014.25
22/02/14,16.625,85.625,6.250000000000001,1017.375
23/02/14,16.5,80,7.887500000000001,1019.375
24/02/14,16.375,69.375,5.3375,1018.625
25/02/14,18.125,69,0.925,1017.25
26/02/14,18.75,71.125,2.0875,1014.25
27/02/14,18.625,76.625,7.175000000000001,1013.125
28/02/14,15.625,88.375,5.799999999999999,1013.125
01/03/14,16.142857142857142,87.28571428571429,4.242857142857143,1015.2857142857143
02/03/14,16.125,79,5.7875000000000005,1017.125
03/03/14,17.875,65.625,3.7,1016.25
04/03/14,18.75,66.375,3.7125000000000004,1016.5
05/03/14,18.875,67,5.325000000000001,1016.125
06/03/14,18.375,64,4.6375,1016.375
07/03/14,18.5,62.875,6.7125,1017.125
08/03/14,19.875,63.875,9.9625,1017
09/03/14,22,56.625,7.65,1014.5
10/03/14,20,63.875,10.8875,1014.375
11/03/14,20.714285714285715,70,15.6,1013.7142857142857
12/03/14,20,68.875,6.4875,1016.25
13/03/14,19,60.625,9.950000000000001,1016.25
14/03/14,19.625,61.25,5.800000000000001,1015
15/03/14,21.625,62.625,2.7875,1016.375
16/03/14,23.125,58.5,6.25,1015.375
17/03/14,26.25,52.125,6.7125,1011.25
18/03/14,24.857142857142858,53.42857142857143,9.799999999999999,1012.8571428571429
19/03/14,21.75,57.375,10.1875,1013.25
20/03/14,21.5,55,7.4,1010.75
21/03/14,22.5,64.75,5.3375,1007.125
22/03/14,25,59.5,3.0124999999999997,1007
23/03/14,22.75,61.875,9.025,1010.625
24/03/14,22.375,73.125,9.487499999999999,1011.625
25/03/14,24.625,60.25,2.775,1010.5
26/03/14,25.125,58.875,2.7750000000000004,1010.625
27/03/14,23.5,63.25,4.8875,1011.75
28/03/14,24.428571428571427,67.57142857142857,4.5,1011.1428571428571
29/03/14,25.875,55.625,8.35,1011.25
30/03/14,24.125,46.75,13.9,1009.875
31/03/14,24.125,44.125,13.200000000000001,1008.25
01/04/14,24.875,45.75,9.712499999999999,1006.125
02/04/14,26.75,43.375,7.175,1005.75
03/04/14,25,48,10.424999999999999,1010.375
04/04/14,25.857142857142858,47.857142857142854,11.914285714285715,1009.8571428571429
05/04/14,27.375,44,9.2625,1008.875
06/04/14,30.125,45.25,6.7125,1007.5
07/04/14,27.25,47.625,12.9625,1009.625
08/04/14,25.75,41.875,12.725,1010.375
09/04/14,25.75,35.25,12.7375,1010.25
10/04/14,26.375,29.25,12.500000000000002,1010.875
11/04/14,28.142857142857142,29,10.057142857142859,1008.5714285714286
12/04/14,29.125,39.875,5.1000000000000005,1007.125
13/04/14,26.875,40.375,15.5125,1009.625
14/04/14,27.625,46.625,5.3500000000000005,1010.625
15/04/14,29,48.125,2.55,1009.125
16/04/14,27.125,53.625,4.4,1008.25
17/04/14,26.375,49.625,9.25,1007
18/04/14,24.25,64.375,14.3375,1011.625
19/04/14,25.625,57.875,5.1,1011.375
20/04/14,27,48,4.6375,1010.5
21/04/14,28,33.125,8.8125,1010
22/04/14,29.375,29.375,12.5,1011.75
23/04/14,29.125,37,6.0249999999999995,1009
24/04/14,29.375,35.875,7.875,1005.875
25/04/14,30.625,34.375,8.1125,1006.125
26/04/14,31.5,32,8.1125,1006.375
27/04/14,30.625,30,8.350000000000001,1007.125
28/04/14,31.5,27.875,10.1875,1005.625
29/04/14,32.125,28.875,8.325,1003.875
30/04/14,33.25,25.5,5.3375,1003.75
01/05/14,34.875,22.5,9.7375,1001.5
02/05/14,34.375,24.75,6.4875,1001.875
03/05/14,31.75,33.375,6.475,1003.625
04/05/14,31.875,34.375,5.8,1003
05/05/14,29.75,53.25,9.037500000000001,1005.75
06/05/14,29.571428571428573,51.142857142857146,6.885714285714287,1006.8571428571429
07/05/14,31.75,48.625,1.85,1004.25
08/05/14,31.375,43,10.662500000000001,1002.625
09/05/14,30.5,39.625,6.487500000000001,1000.4285714285714
10/05/14,30,37.625,7.8875,1000.75
11/05/14,29.625,40.375,7.65,1004
12/05/14,28,53.375,10.887500000000001,1004.875
13/05/14,25.25,65.75,9.9625,1008.375
14/05/14,26.875,55.25,8.575000000000001,1006.5
15/05/14,29.5,39.875,11.125,1004.25
16/05/14,31.125,40.25,9.4875,1003.5
17/05/14,29.875,47.625,7.175000000000001,1007
18/05/14,31.5,35.375,13.899999999999999,1007.375
19/05/14,32.375,29.5,11.575000000000003,1006.625
20/05/14,31.125,34,7.6375,1006.625
21/05/14,33,32.5,9.7125,1002.125
22/05/14,33.25,33.375,11.112499999999999,999.5
23/05/14,34.625,32.75,19.450000000000003,1000
24/05/14,31.5,50.5,6.725,1004.125
25/05/14,31.5,43.25,16.4375,1005.5
26/05/14,30.125,54.125,4.175,1007.125
27/05/14,31.875,49.75,2.55,1004.75
28/05/14,33.625,44.5,3.95,1001.25
29/05/14,35.25,40.125,4.4,999.375
30/05/14,33.125,44.5,11.5875,999.5714285714286
31/05/14,34.625,39,6.4875,999.625
01/06/14,32.75,34.25,16.2,1003.25
02/06/14,32.75,41.375,4.6375,1003.25
03/06/14,34.875,33.625,6.487500000000001,1000
04/06/14,35.25,33.125,7.1875,998.125
05/06/14,36.875,26.875,8.5625,996.125
06/06/14,37.5,27.625,10.2,994.875
07/06/14,38.5,22.75,13.1875,994
08/06/14,37.625,26.25,6.7250000000000005,993.125
09/06/14,37.875,32.125,6.025,993.125
10/06/14,37.25,20.875,12.0375,994.75
11/06/14,37.625,23.125,14.8125,995.625
12/06/14,32.875,39.25,24.325,997
13/06/14,30.25,55.125,16.6625,997.625
14/06/14,30.5,66.875,6.487500000000001,997.375
15/06/14,33.875,52,8.1,997.125
16/06/14,36.375,41.375,10.887500000000001,995.625
17/06/14,36.875,42.125,15.962499999999999,994.125
18/06/14,33.875,58,10.425,994.25
19/06/14,35.75,47.875,10.8875,993.25
20/06/14,38,36.125,17.825,991.375
21/06/14,36.875,40.125,9.7375,993.875
22/06/14,34.5,46.75,4.4,996.375
23/06/14,32.125,49.75,6.7125,996.25
24/06/14,33,46.25,10.1875,995.5
25/06/14,32.25,53.25,13.2,997.625
26/06/14,32.5,60.375,3.2375,1001
27/06/14,34.75,48.5,9.487499999999999,1001.625
28/06/14,34.875,49,5.7875,999.375
29/06/14,33,57.75,9.7125,997.75
30/06/14,32,67.75,3.2499999999999996,997.5
01/07/14,31.375,65.125,6.25,1000.875
02/07/14,29.5,71.375,5.787500000000001,1001.125
03/07/14,28.875,75.125,5.0875,998.2857142857143
04/07/14,31.38888888888889,69,4.333333333333333,998.7777777777778
05/07/14,34.705882352941174,52.05882352941177,9.202941176470588,1000.7058823529412
06/07/14,30.625,61.125,3.7125,1000.5
07/07/14,34,48.75,5.5625,998.25
08/07/14,35,39.5,9.725000000000001,996.875
09/07/14,36,37.125,13.65,996.5
10/07/14,36.125,38.75,11.3375,996.875
11/07/14,36.625,38.625,8.7875,996.125
12/07/14,35.875,51.375,5.3375,996
13/07/14,31.625,69.75,6.025,998
14/07/14,32.375,67.875,6.725,997.125
15/07/14,33.125,62.625,8.825000000000001,996
16/07/14,32.625,63,10.45,997.25
17/07/14,30.75,74.25,6.7250000000000005,996.125
18/07/14,27.25,83.875,2.55,994.875
19/07/14,29.875,71,6.25,995.125
20/07/14,30.875,68.875,6.262499999999999,996.75
21/07/14,32.125,65.5,4.65,996
22/07/14,31.625,69.75,7.175,997
23/07/14,30.625,72.875,8.1125,997.75
24/07/14,30.5,63.625,12.0375,998.7142857142857
25/07/14,30.75,63.25,9.9625,1000.75
26/07/14,32.5,61.5,7.175,1001.875
27/07/14,31.714285714285715,65.42857142857143,6.25,1001.875
28/07/14,30,75.75,18.05,999.375
29/07/14,30.25,69.875,5.7875000000000005,999.25
30/07/14,31.875,65.75,4.175000000000001,999.5714285714286
31/07/14,32.5,65.75,7.425,999.625
01/08/14,33.25,59.5,6.500000000000001,998
02/08/14,30.125,77.75,0.925,997.125
03/08/14,31.5,66.25,5.7875000000000005,995.375
04/08/14,30.5,69.75,5.1000000000000005,996.125
05/08/14,29.75,77.5,1.85,997.5
06/08/14,32.125,65,5.5625,996.875
07/08/14,31.125,65.375,6.949999999999999,997
08/08/14,31,67.875,6.012500000000001,998.375
09/08/14,29.235294117647058,80.47058823529412,6.652941176470588,1001.6470588235294
10/08/14,28.5,89.90625,5.2250000000000005,1002.15625
11/08/14,31.125,72.125,3.0124999999999997,999.875
12/08/14,32.125,57.5,8.3375,998.75
13/08/14,32.125,57.714285714285715,20.825,998.25
14/08/14,30.375,57.5,18.5125,997.375
15/08/14,31.125,54.875,14.587499999999999,998.875
16/08/14,30.428571428571427,59.857142857142854,8.35,1002.5
17/08/14,31.375,53.875,7.1875,1003.25
18/08/14,31.875,56.625,5.5625,1005.375
19/08/14,33,52.42857142857143,6.885714285714286,1004.8571428571429
20/08/14,33.25,47.125,8.7875,1002.375
21/08/14,32.5,43,10.8875,1001.25
22/08/14,33,47.125,8.5625,1002.8571428571429
23/08/14,33.125,45.75,9.2625,1003.25
24/08/14,33.125,46.25,11.350000000000001,1002.875
25/08/14,33.875,46.625,7.874999999999999,1002.375
26/08/14,34.125,40.25,9.962499999999999,1001.375
27/08/14,33.857142857142854,44.714285714285715,8.112499999999999,1001.125
28/08/14,29.625,67.75,6.7250000000000005,1003.75
29/08/14,30.375,69.25,3.7,1003.5
30/08/14,28.625,78.125,4.1625,1002.625
31/08/14,27.625,86.125,4.4125,1001.25
01/09/14,29.428571428571427,65.85714285714286,15.5125,1001.125
02/09/14,29.25,71,10.424999999999999,1001.875
03/09/14,28.625,77.875,15.0375,1001.4285714285714
04/09/14,27.875,80.75,9.275,1000.375
05/09/14,26.5,85.75,8.337499999999999,1000.1428571428571
06/09/14,28.5,76.875,2.0875,1002.375
07/09/14,31,67.625,1.4,1003.25
08/09/14,31.25,66.375,3.475,1003.125
09/09/14,31,70.125,1.85,1002.375
10/09/14,28.75,77.5,4.875,1003.25
11/09/14,26.571428571428573,85.71428571428571,17.825,1005.5714285714286
12/09/14,28.5,73,1.625,1005.125
13/09/14,29.375,68.25,4.1625,1004
14/09/14,29.125,65.5,6.712500000000001,1004.25
15/09/14,29.625,63.125,6.7125,1004.25
16/09/14,30.625,65.125,6.25,1002.25
17/09/14,30.625,61.875,7.4,1002.125
18/09/14,30.5,62.375,6.7125,1003.875
19/09/14,31,56.625,4.175000000000001,1003.5
20/09/14,31.125,55.75,4.3999999999999995,1002.875
21/09/14,30.5,54.875,5.5625,1003.625
22/09/14,30.625,50,13.437499999999998,1004.5
23/09/14,31,47,30.685714285714283,1004.2857142857143
24/09/14,29.625,53,8.1,1006.25
25/09/14,30,52.5,9.725,1007.75
26/09/14,30,52.5,5.7875,1008.125
27/09/14,30.5,46.875,8.799999999999999,1009.25
28/09/14,30.25,48.875,7.175,1009.625
29/09/14,30.5,48.75,7.4125,1009.125
30/09/14,30.625,50.125,6.712500000000001,1009.625
01/10/14,30.428571428571427,52.857142857142854,3.1714285714285713,1010.4285714285714
02/10/14,30.375,53.375,2.7875,1009.125
03/10/14,30.5,52.625,1.85,1008
04/10/14,31,53.5,0,1008.5
05/10/14,30.625,56.125,0,1010.375
06/10/14,30.625,56.75,0,1010.125
07/10/14,31,59.375,1.1625,1008.375
08/10/14,28.75,52.75,3.7125,1009.875
09/10/14,27.625,49.875,3.2375,1010.125
10/10/14,27.125,57.375,3.2375000000000003,1008.75
11/10/14,25.714285714285715,57.142857142857146,6.9375,1008.25
12/10/14,26,58.625,0.4625,1008.375
13/10/14,27.625,59.75,8.799999999999999,1009.875
14/10/14,24.5,67.625,5.325000000000001,1010.875
15/10/14,24.5,68,3.2625,1013.375
16/10/14,23,58.875,4.862500000000001,1014
17/10/14,25,47.666666666666664,25.0125,1013.625
18/10/14,24,56.142857142857146,21.3,1012.875
19/10/14,23.75,57.75,4.1625,1012.625
20/10/14,24.75,55.625,4.4,1013.125
21/10/14,25.625,56.125,2.0875,1014.625
22/10/14,25.75,64.875,0.4625,1014.5
23/10/14,25.25,66,0.925,1012.75
24/10/14,25.5,67.5,1.85,1011.75
25/10/14,25.25,67.125,0.925,1012.375
26/10/14,25.125,65.5,2.0875000000000004,1014.875
27/10/14,24.875,62.875,1.8625,1013.75
28/10/14,25.125,64.75,2.5625,1012
29/10/14,24.75,65.75,1.625,1012.125
30/10/14,23.875,61.375,1.85,1014.5
31/10/14,23.375,58.25,3.7125,1013.625
01/11/14,22.5,50.875,5.325000000000001,1014.125
02/11/14,22.875,49.125,7.1875,1014.5
03/11/14,23.375,52.75,4.1625,1013.5
04/11/14,23.625,56.625,3.9375,1012.125
05/11/14,22.75,56.25,4.625,1012.375
06/11/14,23,56.25,6.25,1011.625
07/11/14,24,66.125,2.3125,1012.875
08/11/14,23.875,66.25,1.625,1014.625
09/11/14,24.125,56.375,4.1625,1015.125
10/11/14,21.375,52.125,3.4750000000000005,1014
11/11/14,19.25,55.125,2.325,1014.75
12/11/14,19.625,52,2.3125,1015.875
13/11/14,18.5,50.5,3.2375,1016.5
14/11/14,18.375,43,7.4125000000000005,1016.375
15/11/14,18.625,44.75,2.775,1014.875
16/11/14,18.25,47.625,2.55,1015.375
17/11/14,17.75,51.75,2.7750000000000004,1016.125
18/11/14,17.625,53,2.0875,1017.875
19/11/14,17.5,58.125,1.1625,1016.5
20/11/14,20.375,54.625,3.0250000000000004,1013.375
21/11/14,18.25,62.125,3.2375,1012.75
22/11/14,19.875,58.875,1.625,1011.375
23/11/14,17.125,57.375,1.3875,1014.625
24/11/14,16.875,52.25,4.175000000000001,1016
25/11/14,16.5,51.5,2.55,1014.875
26/11/14,19.625,51,5.550000000000001,1009.875
27/11/14,18.125,63.875,0,1011.75
28/11/14,19.375,67.375,0,1012.5
29/11/14,20.25,67.625,0,1012.375
30/11/14,19.75,54.75,2.55,1014
01/12/14,20,42.625,8.799999999999999,1013.75
02/12/14,21.375,47.625,7.875000000000001,1012.75
03/12/14,25,66.57142857142857,11.37142857142857,1007
04/12/14,21.25,68.875,4.862500000000001,1010.375
05/12/14,17.75,59.875,2.55,1017.125
06/12/14,18.25,48.875,4.8625,1016.375
07/12/14,17.25,48.375,4.862500000000001,1014.75
08/12/14,17,49.875,2.775,1015
09/12/14,15.285714285714286,67.57142857142857,0,1016.8571428571429
10/12/14,21.5,65.5,4.8625,1010.5
11/12/14,19.625,70.5,3.25,1011.625
12/12/14,17.5,65.625,0.4625,1014.375
13/12/14,16,71.875,8.8,1016.125
14/12/14,16.875,86.625,3.95,1014.5
15/12/14,16.625,75.75,2.325,1016.125
16/12/14,17.75,72.375,7.425000000000001,1017.375
17/12/14,12.875,72.125,6.4875,1020.25
18/12/14,11.75,79.75,3.0124999999999997,1021.375
19/12/14,11.75,81.75,0.4625,1022.125
20/12/14,11.25,77,5.800000000000001,1018.75
21/12/14,9.5,79.125,0.925,1018
22/12/14,9.375,85,1.3875000000000002,1017.125
23/12/14,9.625,78.625,1.625,1017.875
24/12/14,9.875,83,3.4750000000000005,1021.25
25/12/14,9.25,81.125,8.100000000000001,1020.125
26/12/14,10.75,77,7.6375,1017.75
27/12/14,10.375,69,2.775,1018.625
28/12/14,9,86,0.7,1019.75
29/12/14,11.125,72.625,1.3875,1017.25
30/12/14,11.625,70.625,2.55,1014.625
31/12/14,12.375,67.125,2.7875,1016.875
01/01/15,14.75,72,0.925,1017.5
02/01/15,14.875,96.625,3.0125,1017.875
03/01/15,15.125,92,0.925,1017.375
04/01/15,14.125,78.75,9.512500000000001,1019.625
05/01/15,14,69.375,15.049999999999999,1016
06/01/15,12,79.875,4.3999999999999995,1015.5
07/01/15,9.625,86,3.9375,1016.625
08/01/15,10,87.875,3.4875,1019.125
09/01/15,10.625,80.625,1.625,1020.125
10/01/15,11.125,73.125,4.4125000000000005,1018.875
11/01/15,11,80.75,4.8625,1019.125
12/01/15,10.625,79.5,0.925,1019.5
13/01/15,12.25,77.875,4.875,1017.125
14/01/15,12,82.25,5.1000000000000005,1017.5
15/01/15,12.375,79.125,0.925,1019.375
16/01/15,13,78.125,4.6375,1019.25
17/01/15,13.5,76.625,1.8625,1019.25
18/01/15,13,73.875,2.5500000000000003,1018.75
19/01/15,13.75,78,1.85,1018.875
20/01/15,13.375,74.375,7.1875,1020
21/01/15,13.25,73.375,3.6999999999999997,1021
22/01/15,12.625,94.125,3.2375,1020.625
23/01/15,14.625,85,1.1625,1020
24/01/15,12.375,86.25,9.737499999999999,1020.75
25/01/15,13.25,77.75,4.1625,1020.375
26/01/15,13.75,88.125,0.925,1019.875
27/01/15,13.25,74.25,5.3375,1019.3333333333334
28/01/15,11.714285714285714,67,27.775000000000002,1018.25
29/01/15,11.5,67.5,3.9375,1019.75
30/01/15,12.75,56.125,12.037500000000001,1020.375
31/01/15,13.75,57.625,9.025,1017.875
01/02/15,15,65.25,5.1000000000000005,1017.75
02/02/15,17.375,63.875,11.8125,1017.5
03/02/15,16.75,71.25,7.175000000000002,1020.5
04/02/15,14.625,81.125,9.25,1022
05/02/15,14.625,62.875,7.3999999999999995,1019.25
06/02/15,15.125,62.625,3.0125,1019
07/02/15,15.875,67.625,1.85,1017
08/02/15,16.625,63.875,4.4125000000000005,1017.375
09/02/15,16.875,63.5,5.55,1019.75
10/02/15,15.75,64,4.625,1019.75
11/02/15,16,66.625,1.85,1017.125
12/02/15,15.5,69.625,6.025,1016.125
13/02/15,17.25,59,6.725,1012.625
14/02/15,19.375,63.125,4.1625,1009.625
15/02/15,18.875,70.125,1.3875000000000002,1012.625
16/02/15,20.625,71.25,10.425,1013.625
17/02/15,21.142857142857142,72.57142857142857,5.028571428571429,1011.8571428571429
18/02/15,21.25,72.875,5.1000000000000005,1011.75
19/02/15,22.75,73.5,7.65,1012
20/02/15,22.75,67.125,7.187500000000001,1013.875
21/02/15,21.875,63.5,11.3375,1014.125
22/02/15,22.142857142857142,58.857142857142854,14.812499999999998,1013.375
23/02/15,21.5,74.375,3.0250000000000004,1014.25
24/02/15,22.875,72.375,6.0375,1010.625
25/02/15,23.125,58.625,6.5,1008.5
26/02/15,20,34.375,6.7124999999999995,1009.875
27/02/15,19.25,43.125,5.800000000000001,1013
28/02/15,21.25,45.5,6.950000000000001,1013
01/03/15,17.375,92.75,14.8125,1011.125
02/03/15,17.5,89.875,6.725,1012.5
03/03/15,16.25,82.5,5.5625,1013.75
04/03/15,16.75,69.25,6.7125,1014
05/03/15,18.75,64,3.7,1015.75
06/03/15,20,62.375,5.0875,1016.375
07/03/15,18.375,80.375,4.175,1013.7142857142857
08/03/15,19.5,74.125,7.8875,1015.375
09/03/15,18.125,54.25,12.2625,1021
10/03/15,17.75,68.5,8.5625,1019.125
11/03/15,18.25,69.875,6.025,1018.125
12/03/15,20.5,63.375,5.325000000000001,1017
13/03/15,21.375,65.25,4.175000000000001,1014.75
14/03/15,21.5,64.625,7.875,1015.125
15/03/15,17.625,89.125,11.575000000000001,1015.5
16/03/15,19.857142857142858,81.85714285714286,8.5625,1017.375
17/03/15,20.875,70.375,13.2,1015.875
18/03/15,20.25,69.625,12.262500000000001,1013.5
19/03/15,21.125,66,5.3375,1014.875
20/03/15,22.5,65.75,9.025,1014.875
21/03/15,24.875,60.5,5.7875,1014.875
22/03/15,25.125,64,10.2,1012
23/03/15,24.75,65.75,7.637499999999999,1010
24/03/15,25.75,65.5,1.3875000000000002,1010.25
25/03/15,26.625,65.625,2.55,1011.8571428571429
26/03/15,28.5,54.375,9.2625,1013
27/03/15,27.375,51.375,7.65,1012
28/03/15,27,53.625,3.7125000000000004,1009.625
29/03/15,25,52.75,13.1875,1008.625
30/03/15,23.5,66.25,14.8125,1010.375
31/03/15,25.25,64.875,3.7,1010.1428571428571
01/04/15,26.428571428571427,59.714285714285715,6.7125,1007.5
02/04/15,28.714285714285715,45.285714285714285,10.174999999999999,1004.625
03/04/15,24.5,71.125,6.9625,1004.75
04/04/15,21,77.5,1.3875000000000002,1005.25
05/04/15,23.571428571428573,67.71428571428571,17.6,1007.75
06/04/15,25,60.125,2.775,1007.75
07/04/15,23.75,62.125,9.7375,1010.25
08/04/15,25.625,50.375,6.712500000000001,1012
09/04/15,26,52.875,9.0375,1010.5
10/04/15,27.125,52.25,6.25,1008.5
11/04/15,28.25,44.875,8.1,1008.375
12/04/15,24.375,63,5.325,1012.375
13/04/15,24.75,70.875,6.950000000000001,1013.75
14/04/15,26.25,62.75,3.0125,1012.75
15/04/15,27.625,59.25,5.7875000000000005,1012.875
16/04/15,25.25,58.25,8.1125,1013.875
17/04/15,28.125,48.75,8.3375,1007.125
18/04/15,30.125,44.5,5.562500000000001,1002.375
19/04/15,32.125,41,4.175,1003.875
20/04/15,32.875,37.875,7.1875,1005.75
21/04/15,31.75,28.5,11.1125,1005.625
22/04/15,30.75,30.25,11.349999999999998,1003.125
23/04/15,30.75,33,8.1,1004
24/04/15,31.125,39.5,2.5500000000000003,1004.375
25/04/15,30.5,43.125,12.975,1005.875
26/04/15,28.75,51.125,15.737499999999999,1008
27/04/15,30.125,53,17.5875,1006.75
28/04/15,31,48.25,12.5125,1004.5
29/04/15,31.25,47.25,9.025,1005
30/04/15,32.625,44.75,15.05,1004
01/05/15,31.25,43.5,5.3375,1005.875
02/05/15,30.125,40.25,4.4,1006.25
03/05/15,31,39.25,3.0124999999999997,1006.625
04/05/15,30.875,39.25,3.9375,1006.625
05/05/15,32.125,31.125,7.6499999999999995,1003.875
06/05/15,34.125,22,11.362499999999999,1001.875
07/05/15,35.42857142857143,13.428571428571429,15.342857142857143,1003.5714285714286
08/05/15,34.125,22.375,12.274999999999999,1003.25
09/05/15,35.125,27,8.3375,1001.625
10/05/15,35.125,25,6.9625,1001.375
11/05/15,34,32.625,10.887500000000001,1003.625
12/05/15,33.125,46,6.0375000000000005,1004.875
13/05/15,27.75,61,6.7125,1006.125
14/05/15,29.625,49.625,4.4125,1007.25
15/05/15,28.5,52.125,7.175000000000001,1006.5
16/05/15,30,51.625,4.1625,1003.25
17/05/15,33.25,40.375,8.35,1001.125
18/05/15,35.375,35.75,5.562500000000001,1000
19/05/15,31.5,44,14.812500000000002,1002.125
20/05/15,33.125,31.625,14.600000000000001,1002
21/05/15,35.625,24.625,11.3375,1000.375
22/05/15,36.25,19.5,12.5125,998.125
23/05/15,37.375,21.75,12.725000000000001,996.125
24/05/15,36,29.25,5.1000000000000005,997.375
25/05/15,37.75,22.25,10.875,996.875
26/05/15,35.25,26.625,17.125,1001.5
27/05/15,33.75,20.5,6.7125,1001.25
28/05/15,34.75,29.5,8.3375,1000.625
29/05/15,35.125,27.25,8.125,1001.625
30/05/15,32.25,38.75,12.2625,1003.875
31/05/15,34.25,25,14.5875,1001.75
01/06/15,29.375,41.75,12.512500000000001,1003.25
02/06/15,31.625,39.25,8.575,1003.5
03/06/15,28.625,50.5,6.7250000000000005,1004.625
04/06/15,31.875,48.375,4.8625,1004
05/06/15,32.625,39.875,6.0125,1003.5
06/06/15,33.375,39.75,7.862500000000001,1001.375
07/06/15,35,36.25,7.175000000000001,999.25
08/06/15,36.5,33,6.25,998.875
09/06/15,37.625,23.875,18.75,998.875
10/06/15,36.625,32.285714285714285,18.049999999999997,999.625
11/06/15,35.625,34.75,18.287499999999998,1000
12/06/15,35.875,34.625,12.737499999999999,998.5
13/06/15,31.125,48.125,10.1875,998.8571428571429
14/06/15,27,77.625,3.95,1000.2857142857143
15/06/15,31,60.75,3.0125,999.5714285714286
16/06/15,32.375,52.125,2.7875,999.1428571428571
17/06/15,33.875,49.75,3.25,998
18/06/15,35.125,45.125,3.0125,997.625
19/06/15,35.875,46.75,8.575,996.25
20/06/15,33.125,48.5,12.975,997.875
21/06/15,30.375,63.625,8.1125,998.125
22/06/15,32.125,59.5,4.4,995.625
23/06/15,31.5,61.625,6.012500000000001,995
24/06/15,37.25,63.875,6.5,995.375
25/06/15,26.625,82.75,6.2625,994.75
26/06/15,31.125,54.25,11.5625,995.25
27/06/15,32.625,48.25,14.112499999999999,997.125
28/06/15,34.25,47.5,9.0375,1000.2857142857143
29/06/15,31.125,56.625,11.562500000000002,1003.625
30/06/15,30.875,58.625,9.9625,1002.625
01/07/15,32,53.25,4.175000000000001,1001.875
02/07/15,33.75,45.875,6.949999999999999,1001.125
03/07/15,33,49,14.35,999.625
04/07/15,34.125,51.5,16.900000000000002,997.5
05/07/15,35.714285714285715,47.285714285714285,14.014285714285714,995.4285714285714
06/07/15,27.875,83.25,9.275,997.875
07/07/15,28.125,86.125,1.85,998.125
08/07/15,31.25,72,2.7750000000000004,998.625
09/07/15,29.625,77.25,2.55,998.625
10/07/15,26.625,92.125,6.025,998.75
11/07/15,25.5,98,3.2375000000000003,999.3333333333334
12/07/15,25.5,94.75,7.425000000000001,998.625
13/07/15,29.875,73.125,4.8625,1000.625
14/07/15,30.875,67.875,10.875,997.8571428571429
15/07/15,33.375,52.875,17.137500000000003,993.75
16/07/15,31.75,61.375,13.437499999999998,994.75
17/07/15,30.75,75.625,4.4,997.25
18/07/15,29.5,78.875,4.175,998
19/07/15,30.125,70,0.7,997.625
20/07/15,29.125,78,4.8625,999.125
21/07/15,31.375,69.25,8.125,1000
22/07/15,32.25,64.125,7.875000000000002,1001.125
23/07/15,32.125,64.875,8.575000000000001,1001.75
24/07/15,32,64.75,6.7125,1001
25/07/15,30.857142857142858,71,19.9125,998.5714285714286
26/07/15,30,71.625,16.8875,998.875
27/07/15,29.625,69,11.3375,1000.2857142857143
28/07/15,29.5,61,11.587499999999999,1000.125
29/07/15,28.5,68.125,10.875,998
30/07/15,29,67.75,9.9625,998.875
31/07/15,29,71,4.175000000000001,999.75
01/08/15,28.25,71.75,0.925,1002.75
02/08/15,29.625,69.5,2.55,1003.625
03/08/15,31.5,58.625,5.325,1001.875
04/08/15,29.428571428571427,77.78571428571429,4.771428571428572,1000.0714285714286
05/08/15,29.59375,79.65625,8.221875,1000.28125
06/08/15,29.5,79.125,3.0250000000000004,998
07/08/15,29.25,83,2.3125,1000
08/08/15,,84.875,1.625,1002
09/08/15,,90.125,3.0125,1000.25
10/08/15,30.375,77,0,1000
11/08/15,28.375,86.625,0.4625,1003
12/08/15,30.75,74.25,0,1003.125
13/08/15,32,69.5,0.4625,1001.875
14/08/15,30.875,72.625,3.4749999999999996,1002
15/08/15,28.5,85.5,0,1002.75
16/08/15,28.625,82.625,1.85,1002.875
17/08/15,30.75,72.625,0.7,1001.375
18/08/15,29.125,72.875,4.875,1002.5714285714286
19/08/15,31.25,61.25,33.325,1002.375
20/08/15,30.75,58.625,14.6,1001.375
21/08/15,29.375,72,8.575,1002
22/08/15,30.25,65.375,5.800000000000001,1000.875
23/08/15,29.875,69.375,5.5625,1000.8571428571429
24/08/15,30.75,65.625,7.1875,1001.75
25/08/15,32,57.285714285714285,10.071428571428571,1001
26/08/15,32,61,4.862500000000001,1001.125
27/08/15,32.5,61,5.325000000000001,1002
28/08/15,32,63.5,2.3125,1002.25
29/08/15,32.25,58,5.812500000000001,1001.375
30/08/15,32.625,56.5,9.274999999999999,1001.375
31/08/15,31.857142857142858,54.42857142857143,13.485714285714286,1001.8333333333334
01/09/15,32.125,47.625,15.275,1000.8571428571429
02/09/15,31.875,45.625,12.737499999999999,1001.75
03/09/15,31.625,49.125,10.1875,1005.5
04/09/15,32,42.625,11.35,1007.875
05/09/15,30.875,47.25,7.637499999999999,1007.125
06/09/15,31.25,41.8,7.6375,1006.25
07/09/15,31.5,46.375,9.4875,1005.75
08/09/15,31.625,47,11.8125,1005.5
09/09/15,31,47.875,10.1875,1005.625
10/09/15,31.25,46.5,8.575000000000001,1006.75
11/09/15,30.75,49.75,6.012499999999999,1006.25
12/09/15,32.142857142857146,54.42857142857143,3.1714285714285717,1006
13/09/15,32.125,55.25,1.3875000000000002,1005.875
14/09/15,31.875,54.375,2.55,1003.625
15/09/15,33,55,0.4625,1003.25
16/09/15,32.375,55,1.4,1003.625
17/09/15,31.375,58.375,1.1625,1004.375
18/09/15,31,67.625,7.4125000000000005,1005.125
19/09/15,30.625,74.25,2.0875000000000004,1003.625
20/09/15,29.142857142857142,69.14285714285714,5.557142857142858,1002.8571428571429
21/09/15,30.125,64.5,5.800000000000002,1002.5
22/09/15,30.25,64.375,10.187499999999998,1002.5
23/09/15,28.625,61.25,13.675,1006.375
24/09/15,28.25,52.375,11.575,1004.625
25/09/15,28.5,49.375,8.575,1003.75
26/09/15,29.25,53.5,6.25,1005.25
27/09/15,28.714285714285715,58.142857142857146,2.9142857142857146,1007
28/09/15,28.25,58.5,3.9375,1009
29/09/15,29,54.57142857142857,9.528571428571428,1010.5714285714286
30/09/15,29,46.875,8.3375,1011.375
01/10/15,28.125,51.25,5.574999999999999,1012
02/10/15,28.285714285714285,53.714285714285715,14.5875,1010.75
03/10/15,30,52.333333333333336,18.785714285714285,1008.7142857142857
04/10/15,29,54.375,3.0250000000000004,1008.125
05/10/15,28.875,59.375,1.3875000000000002,1009.25
06/10/15,28.375,61.125,4.6375,1009
07/10/15,28.625,65.75,6.4750000000000005,1009.125
08/10/15,28.375,65.125,4.4125000000000005,1007.5
09/10/15,28.5,59.75,6.025,1004.25
10/10/15,28.5,54.625,6.7125,1005
11/10/15,28.571428571428573,51.57142857142857,6.885714285714286,1008.7142857142857
12/10/15,29.25,54.125,3.25,1010
13/10/15,29.5,62.875,3.7250000000000005,1011
14/10/15,28.125,63.625,4.875000000000001,1013.25
15/10/15,27.5,66,0.4625,1013.5
16/10/15,27.875,62.625,0.925,1013.5
17/10/15,28,63.75,3.7125,1012.25
18/10/15,26.857142857142858,71.71428571428571,11.1125,1013.125
19/10/15,28.142857142857142,66.28571428571429,3.4571428571428577,1011.7142857142857
20/10/15,27.714285714285715,64.85714285714286,2.9142857142857146,1009.8571428571429
21/10/15,26.5,62.125,2.0875,1011.875
22/10/15,24.75,56,4.4,1012.25
23/10/15,24,51.625,4.862500000000001,1011.875
24/10/15,24.875,53.25,1.4000000000000001,1011.625
25/10/15,26.375,47.125,5.575,1012.75
26/10/15,25.625,52.125,5.574999999999999,1014.875
27/10/15,24.75,54.25,3.4749999999999996,1013.875
28/10/15,20.875,57.25,7.875000000000001,1015.875
29/10/15,22.125,63.5,1.85,1016.875
30/10/15,22.375,67.25,1.625,1016.375
31/10/15,22.375,69.375,1.1625,1016.125
01/11/15,22.875,70.5,0.925,1016.25
02/11/15,23.375,71.375,0.4625,1015.875
03/11/15,24,67.875,0.475,1014.25
04/11/15,23.75,69,0.925,1012.25
05/11/15,22.125,75.25,5.100000000000001,1012.375
06/11/15,22.875,74.375,2.325,1012.75
07/11/15,21.875,74.875,1.1625,1014.625
08/11/15,21.875,70.25,1.8624999999999998,1015.875
09/11/15,21.75,73.625,0.7,1015
10/11/15,22.75,72.625,0.7,1013.5
11/11/15,21.875,59.5,4.6375,1014.375
12/11/15,21.875,60.5,5.7875,1015.375
13/11/15,22.375,59.375,5.325,1014.875
14/11/15,22.375,59.625,3.475,1012
15/11/15,22.5,62,0,1012
16/11/15,21.875,50.375,2.7874999999999996,1012.625
17/11/15,19.875,48.375,5.1000000000000005,1013.5
18/11/15,18.5,57.625,4.4,1016.375
19/11/15,18.5,64.75,0.925,1017.5
20/11/15,18.5,66,0.4625,1016.125
21/11/15,18.75,67.625,1.3875000000000002,1015.5
22/11/15,18.625,64.875,0.4625,1015.125
23/11/15,17,73.5,0,1015.875
24/11/15,18.5,63,1.625,1016
25/11/15,19.375,56.375,5.7875000000000005,1014.75
26/11/15,20,59.5,0.925,1012.75
27/11/15,18.5,66.25,2.55,1011.25
28/11/15,18.75,82.125,1.1625,1015.375
29/11/15,18.125,81.25,1.1625,1018
30/11/15,19.5,82.375,0.925,1016.75
01/12/15,19.25,78.75,1.625,1014.75
02/12/15,18.125,72.125,2.0875,1016.125
03/12/15,17.625,70.25,7.1875,1016
04/12/15,17.625,67.5,4.6375,1015
05/12/15,17.5,72.375,0.925,1015.875
06/12/15,17.125,75.875,1.4000000000000001,1016.5
07/12/15,17.625,76.875,2.3125,1017.25
08/12/15,18.428571428571427,71.28571428571429,1.0571428571428572,1015.7142857142857
09/12/15,18.375,78.125,3.475,1015.25
10/12/15,19,77.25,2.0875000000000004,1011.75
11/12/15,17.25,77.875,5.1000000000000005,1011.375
12/12/15,13.25,91,4.3999999999999995,1014.25
13/12/15,12.875,67,3.475,1016.5
14/12/15,13.25,63.625,7.400000000000001,1017
15/12/15,13.125,63.875,5.325,1016.5
16/12/15,13,65.5,1.1625,1016.375
17/12/15,12.25,73.625,0.925,1016.875
18/12/15,12.875,71.25,4.4,1018.625
19/12/15,12.375,71.875,3.4875,1019
20/12/15,11.75,70.25,1.1625,1018.5
21/12/15,12.625,74.75,1.3875000000000002,1018.875
22/12/15,12,79.875,0.7,1020.875
23/12/15,12.5,81.375,3.4875000000000003,1020.625
24/12/15,11.25,68.625,6.025,1021.25
25/12/15,11.5,66.125,5.5625,1022
26/12/15,12.75,64.5,6.4875,1021.125
27/12/15,15.375,63.25,7.8875,1020.625
28/12/15,17.125,58.125,10.8875,1020.875
29/12/15,16.375,65,7.4125000000000005,1018.125
30/12/15,15.5,71.75,2.0999999999999996,1017.5
31/12/15,15,71.375,2.0875,1020.5
01/01/16,14.714285714285714,72.28571428571429,1.0571428571428572,1021.1428571428571
02/01/16,14,75.875,2.0875,1021
03/01/16,14.375,74.75,5.112500000000001,1018.5
04/01/16,15.75,77.125,0,1017.625
05/01/16,15.833333333333334,88.83333333333333,0.6166666666666667,1017
06/01/16,17.375,81.625,2.3125,1016.5
07/01/16,17.125,87,0,1018.125
08/01/16,15.5,83.25,7.887500000000001,1017.25
09/01/16,15.857142857142858,65.14285714285714,8.471428571428572,1015.4285714285714
10/01/16,15.625,74.375,2.775,1017.5
11/01/16,15.75,74.875,1.625,1017.5
12/01/16,18,69.6875,6.03125,1014.9375
13/01/16,18.266666666666666,75.8,5.08,1014.3333333333334
14/01/16,15.5625,80.4375,4.300000000000001,1016.125
15/01/16,13,84.1875,10.775,1017
16/01/16,13.6,80.06666666666666,11.239999999999998,1014.6
17/01/16,14,77.66666666666667,2.1066666666666665,1016.2
18/01/16,13.266666666666667,80.46666666666667,1.4800000000000002,1014.7333333333333
19/01/16,12.357142857142858,88.57142857142857,4.65,1015.2857142857143
20/01/16,12.066666666666666,84.2,6.193333333333333,1018.6666666666666
21/01/16,12.1875,73.1875,7.887499999999998,1020.1875
22/01/16,11.733333333333333,83.4,3.586666666666667,1019.4666666666667
23/01/16,14.4375,75.875,3.2500000000000004,1019.8125
24/01/16,11.1875,86.25,6.624999999999999,1019.0625
25/01/16,11.666666666666666,75.4,4.58,1017.2
26/01/16,14.5625,79.6875,2.5500000000000003,1015.375
27/01/16,17.583333333333332,69.16666666666667,4.025,1014.1666666666666
28/01/16,16.857142857142858,69.35714285714286,5.028571428571429,1015.0714285714286
29/01/16,19.5625,70.625,2.54375,1017.375
30/01/16,20.142857142857142,78.5,1.2,1014.5
31/01/16,17.375,78.25,7.762500000000001,1016
01/02/16,15.846153846153847,65.76923076923077,7.269230769230768,1017.1538461538462
02/02/16,15.266666666666667,55.86666666666667,8.893333333333333,1018.2
03/02/16,13.125,66.5,7.622222222222222,1018
04/02/16,16.363636363636363,53,6.941666666666666,1017.3333333333334
05/02/16,12.666666666666666,70.66666666666667,2.1666666666666665,1016.8333333333334
06/02/16,15.333333333333334,69.5,3.6999999999999997,1013.3333333333334
07/02/16,15.625,77,2.7875,1015.75
08/02/16,17.09090909090909,67.18181818181819,5.9,1017.0909090909091
09/02/16,17.76923076923077,67.46153846153847,5.846153846153848,1014.6923076923077
10/02/16,18.133333333333333,64.86666666666666,2.1,1012.7333333333333
11/02/16,19.6875,54.75,6.03125,1011.25
12/02/16,19.2,57.86666666666667,0.7466666666666666,1012.5333333333333
13/02/16,17.066666666666666,62.13333333333333,5.8066666666666675,1014.8666666666667
14/02/16,17.642857142857142,61.92857142857143,8.071428571428571,1017.2142857142857
15/02/16,17.6,59.53333333333333,5.94,1018.7333333333333
16/02/16,18.214285714285715,56.142857142857146,5.435714285714285,1020.0714285714286
17/02/16,18.714285714285715,59.285714285714285,3.7071428571428577,1019.1428571428571
18/02/16,19.466666666666665,76,5.186666666666667,1017.4
19/02/16,23.153846153846153,70.23076923076923,4.1461538461538465,1014.6153846153846
20/02/16,23.625,73.125,11.11875,1014.125
21/02/16,21,61.125,17.137500000000003,1014.75
22/02/16,21,51.42857142857143,15.207142857142859,1014.4285714285714
23/02/16,21.428571428571427,50.642857142857146,9.785714285714286,1012.5
24/02/16,21.6875,58.0625,2.4437500000000005,1012.9375
25/02/16,22.5625,57.5,5.3375,1015.5
26/02/16,22.8,55.6,2.48,1018.4
27/02/16,22.8,59,3.333333333333334,1018.4666666666667
28/02/16,23,63.0625,3.712500000000001,1018.9375
29/02/16,23.875,63.9375,3.712500000000001,1018.625
01/03/16,24.916666666666668,57.416666666666664,1.7,1015
02/03/16,24.933333333333334,57.06666666666667,1.7333333333333334,1015.4
03/03/16,26,55.61538461538461,4.292307692307692,1014.6153846153846
04/03/16,27.3125,44.25,6.14375,1012.6875
05/03/16,23.933333333333334,57.13333333333333,11,1012.6666666666666
06/03/16,22.8125,66.5625,5.21875,1013.0625
07/03/16,23.714285714285715,64.14285714285714,5.171428571428572,1012.3571428571429
08/03/16,23.428571428571427,60.214285714285715,6.742857142857142,1011.6428571428571
09/03/16,24,57.5625,9.375,1012.0625
10/03/16,25.5625,57.4375,7.981249999999999,1013.1875
11/03/16,25.066666666666666,67.8,6.546666666666667,1012.5333333333333
12/03/16,24.5625,66.9375,9.487499999999999,1009.5625
13/03/16,24.25,65.1875,6.84375,1011.1875
14/03/16,22.375,66,6.275,1014.3125
15/03/16,24.066666666666666,58.93333333333333,8.646666666666667,1014.8666666666667
16/03/16,23.9375,53.75,10.88125,1012.8125
17/03/16,26.3125,50.3125,6.84375,1010.4375
18/03/16,26.1875,61.25,6.7125,1009.8125
19/03/16,26.785714285714285,61.857142857142854,3.578571428571429,1009.2142857142857
20/03/16,27.133333333333333,58.733333333333334,2.8466666666666667,1010.3333333333334
21/03/16,26.625,43.375,12.2625,1011.125
22/03/16,25.0625,37.875,22.1,1009.375
23/03/16,26.2,43.266666666666666,10.641666666666667,1010
24/03/16,28.133333333333333,46.86666666666667,3.2133333333333334,1013.3333333333334
25/03/16,29.875,50.1875,3.3687500000000004,1013.1875
26/03/16,24.666666666666668,62.666666666666664,9.393333333333334,1013.6
27/03/16,26.25,53.6875,9.156249999999996,1012.8125
28/03/16,25.933333333333334,52.8,6.546666666666667,7679.333333333333
29/03/16,27.125,47.75,7.293749999999999,1011.3125
30/03/16,29.571428571428573,39.785714285714285,7.021428571428571,1011.1428571428571
31/03/16,30,39.733333333333334,4.333333333333333,1009.2
01/04/16,30.571428571428573,38.214285714285715,12.035714285714283,1006.7142857142857
02/04/16,32.3125,38.5625,5.4625,1008
03/04/16,33.3125,44.25,2.55,1008.375
04/04/16,32.8125,33.125,8,1006.6875
05/04/16,32.3125,29.3125,9.268749999999999,1007
06/04/16,31.375,33.125,3.475,1006.875
07/04/16,29.933333333333334,37,10.85,1007.2666666666667
08/04/16,29.266666666666666,36,4.686666666666667,1009.2
09/04/16,30.733333333333334,32.46666666666667,12.61875,1009.3125
10/04/16,32.25,29,5.225,1008.8125
11/04/16,29.8,35,16.04,1009.4
12/04/16,30.2,36.2,19.380000000000003,1006.3333333333334
13/04/16,31.75,28.0625,18.643749999999997,1003.3125
14/04/16,33.125,23.875,10.425,1003.8125
15/04/16,33.625,25.375,9.8375,1004.625
16/04/16,35.6875,23.6875,11.112499999999999,1003.0625
17/04/16,34.666666666666664,23.866666666666667,9.386666666666665,1002.6666666666666
18/04/16,34.625,30.125,7.175,1004.6875
19/04/16,34,33.6,4.566666666666666,1005.8666666666667
20/04/16,34.0625,25.9375,14.01875,1006.4375
21/04/16,34,24.666666666666668,15.75,1003.4
22/04/16,33.25,24.25,8.35,1001.7272727272727
23/04/16,31.916666666666668,21.818181818181817,19.653846153846157,1001.8461538461538
24/04/16,31.3125,22.125,10.1875,1003.0625
25/04/16,31.75,22.8125,6.949999999999999,1005.5625
26/04/16,33.4375,25.1875,3.8312500000000003,1007.1875
27/04/16,33.125,29.0625,4.981249999999999,1005.6875
28/04/16,34.15384615384615,21.76923076923077,11.823076923076922,1004.6923076923077
29/04/16,34.07142857142857,23.285714285714285,9.123076923076923,1005.7142857142857
30/04/16,33.0625,25.5625,5.2125,1004.8125
01/05/16,34.6875,23.375,8.575,1002.4375
02/05/16,38,18.466666666666665,9.513333333333334,1002.2
03/05/16,35.5,30.375,6.4937499999999995,1004.3125
04/05/16,33.714285714285715,31.857142857142858,10.464285714285717,1003.7857142857143
05/05/16,30.6,42,11.246666666666666,1007.4666666666667
06/05/16,31.4375,37.4375,8.225,1007
07/05/16,33.3125,37.1875,4.65,1005.5625
08/05/16,35.13333333333333,36.333333333333336,7.293333333333332,1005.9333333333333
09/05/16,33.53333333333333,40.6,18.425,1006.0625
10/05/16,34,39.75,10.55625,1006.5625
11/05/16,32.5,49.9375,7.774999999999999,1006.0625
12/05/16,35.375,40,5.1,1002.25
13/05/16,37.294117647058826,28.11764705882353,8.070588235,1001.3529411764706
14/05/16,36.5625,31.875,4.16875,1003.125
15/05/16,37.25,29.5,4.75,1003.5625
16/05/16,37.214285714285715,23.5,9.019999999999998,1000.8
17/05/16,37.5,25.8125,9.612499999999999,998.9375
18/05/16,37.75,27.625,8.45,997.8125
19/05/16,37.375,40.5,9.3875,998.625
20/05/16,37.4,44.2,8.413333333333334,996.9333333333333
21/05/16,36.13333333333333,45.4,10.873333333333333,995.9333333333333
22/05/16,36.8,44.8,6.553333333333333,996.4666666666667
23/05/16,32.214285714285715,47.92857142857143,14.95,999.5714285714286
24/05/16,31.526315789473685,53.526315789473685,8.494736842105263,1000.7368421052631
25/05/16,33.21739130434783,46.608695652173914,10.160869565217393,997.4782608695652
26/05/16,35.26923076923077,44.57692307692308,15.17692307692308,999.1538461538462
27/05/16,38.27272727272727,26.09090909090909,15.31818181818182,999.9545454545455
28/05/16,36.0625,37.25,14.405555555555553,999.8333333333334
29/05/16,31.5,57.0625,11.68125,1001.25
30/05/16,26.8125,74.8125,9.4875,1003.8125
31/05/16,32.642857142857146,51.214285714285715,7.4071428571428575,1002.3076923076923
01/06/16,36,42.2,9.133333333333335,1002.7333333333333
02/06/16,37.5625,35.3125,11.93125,1002
03/06/16,37.5625,40.6875,2.7812500000000004,1002.25
04/06/16,38.2,42.06666666666667,3.2066666666666666,1001.8666666666667
05/06/16,36.166666666666664,51.75,8.5,1002.8333333333334
06/06/16,35.42857142857143,45.714285714285715,11,1001.5714285714286
07/06/16,34.625,59.1875,21.306250000000002,1002.0625
08/06/16,36.07142857142857,44.642857142857146,8.485714285714284,999.2142857142857
09/06/16,35.733333333333334,43.733333333333334,9.26,938.0666666666667
10/06/16,36.13333333333333,41.86666666666667,10.08125,998.25
11/06/16,33.4375,49.9375,8.812500000000002,999
12/06/16,35.5,37.125,9.1625,998.8125
13/06/16,36,43.3125,12.85,998.1875
14/06/16,32.625,55.125,11.859999999999998,997.8125
15/06/16,34.733333333333334,48.86666666666667,10.513333333333332,996.1333333333333
16/06/16,33.5,51.285714285714285,11.39285714285714,999
17/06/16,34.1875,52.25,7.425,999.4285714285714
18/06/16,35.857142857142854,50.57142857142857,10.857142857142858,1000.8571428571429
19/06/16,35.625,53.25,9.387499999999998,1001.375
20/06/16,30.9375,73.9375,7.643750000000001,1000.6875
21/06/16,32.875,62.1875,8.91875,999.9375
22/06/16,33.125,60.8125,7.418750000000001,1001.5625
23/06/16,33.84615384615385,51.61538461538461,5.875000000000001,999.6923076923077
24/06/16,36.4375,46.5625,7.762499999999999,998.3125
25/06/16,35.42857142857143,55.92857142857143,9.664285714285713,1000.0714285714286
26/06/16,34.86666666666667,57.46666666666667,7.660000000000001,1000.375
27/06/16,34.3125,61.25,7.9937499999999995,998.8666666666667
28/06/16,30.785714285714285,75.07142857142857,5.435714285714285,1001.5
29/06/16,35.375,58.875,8.449999999999998,1001.1875
30/06/16,,60.2,6.793333333333333,997.8666666666667
01/07/16,,73.4,8.35,1002.5625
02/07/16,28.4,80,5.231250000000001,998.375
03/07/16,29.5625,78.125,1.96875,998.25
04/07/16,30.6875,76.3125,3.481250000000001,997.125
05/07/16,33.25,68.6875,5.3375,995.5625
06/07/16,33.266666666666666,64.06666666666666,8.878571428571428,996.8666666666667
07/07/16,33.5,63,5.91875,997.6875
08/07/16,30.8,75.86666666666666,5.4333333333333345,997.4
09/07/16,33.25,66.0625,6.73125,996.75
10/07/16,32.5625,65.6875,4.7,996.0625
11/07/16,31.5,71.9375,8.046666666666665,997.75
12/07/16,30.5,80.1875,5.5625,999.0625
13/07/16,31.25,76.3125,6.806666666666667,998.4375
14/07/16,30.4375,80.4375,5.21875,998.375
15/07/16,31,78.0625,7.271428571428571,998.625
16/07/16,27.125,93.875,4.371428571428571,999.875
17/07/16,28.125,86.5625,6.6000000000000005,1001.3333333333334
18/07/16,27.666666666666668,91.26666666666667,7.653333333333333,1000.8
19/07/16,32.3125,69.125,13.656249999999998,999.875
20/07/16,34.1875,59.5625,12.9625,999.625
21/07/16,34.13333333333333,56.86666666666667,11.479999999999999,999.2666666666667
22/07/16,34.125,56.125,8.687500000000002,999.3333333333334
23/07/16,31.875,66,7.768750000000001,1001.625
24/07/16,31.4375,72.25,2.43125,946.3125
25/07/16,31.9375,69.125,2.9125000000000005,1001.875
26/07/16,30.3125,82,6.485714285714287,1003.125
27/07/16,28.3125,88.25,4.293750000000001,1004.625
28/07/16,29.533333333333335,81.33333333333333,5.186666666666667,1002.0666666666667
29/07/16,27.375,92.4375,2.43125,1000.9375
30/07/16,27.333333333333332,92.26666666666667,1.8599999999999999,1001.2
31/07/16,29.266666666666666,83.13333333333334,4.7,1000.6666666666666
01/08/16,29.125,84.25,5.9125000000000005,999.125
02/08/16,30.6875,72.125,6.375,310.4375
03/08/16,32.5625,63.5625,5.45,998.5
04/08/16,33.111111111111114,63.888888888888886,7.927777777777779,998.7777777777778
05/08/16,33.8,61.666666666666664,4.319999999999999,999.3333333333334
06/08/16,30.066666666666666,76,6.926666666666667,1000.8
07/08/16,33.11764705882353,65.17647058823529,7.852941176470587,1000.5294117647059
08/08/16,33.80952380952381,62.38095238095238,9.440909090909091,999.6363636363636
09/08/16,31.615384615384617,71.65384615384616,9.549999999999999,998.5
10/08/16,32,71.25925925925925,10.159259259259262,999.3703703703703
11/08/16,28.107142857142858,89.46428571428571,7.821428571,1001.6071428571429
12/08/16,29.035714285714285,85,3.848148148148149,1002.2857142857143
13/08/16,30.321428571428573,77.07142857142857,3.2296296296296303,1001.0714285714286
14/08/16,28.933333333333334,83.7,6.369999999999998,633.9
15/08/16,31.678571428571427,67.64285714285714,12.725,999.2857142857143
16/08/16,31.333333333333332,66.41666666666667,14.66666666666667,-3.041666667
17/08/16,29.928571428571427,72.5,6.325,999.5185185185185
18/08/16,29.88888888888889,79.81481481481481,1.7222222222222225,999.9230769230769
19/08/16,32.07142857142857,68.28571428571429,1.917857142857143,999.8928571428571
20/08/16,33.18518518518518,66.48148148148148,10.366666666666667,1000.16
21/08/16,31.59259259259259,68.07407407407408,10.022222222222224,1001.1923076923077
22/08/16,32.18518518518518,65.55555555555556,8.237037037037037,1002.8888888888889
23/08/16,31.48,70.08,6.084,1003.24
24/08/16,30.178571428571427,79.28571428571429,8.419230769230769,1002.5
25/08/16,31.52,72.44,6.276923076923075,1004.4230769230769
26/08/16,31.22222222222222,73.81481481481481,4.392592592592593,1005.2222222222222
27/08/16,31.785714285714285,70.28571428571429,7.1499999999999995,1006.1428571428571
28/08/16,33.4,66.24,7.2719999999999985,1006.2
29/08/16,29.571428571428573,82.32142857142857,5.825,1003.6071428571429
30/08/16,30.04,76.8,8.903846153846153,1002.1923076923077
31/08/16,27.25925925925926,89.55555555555556,6.729629629629631,1003.0370370370371
01/09/16,27.96,87.24,4.148,1002.44
02/09/16,30.73913043478261,71.73913043478261,13.204347826086956,1001.2727272727273
03/09/16,30.894736842105264,62.68421052631579,13.263157894736842,1001.1578947368421
04/09/16,31.692307692307693,59.30769230769231,11.12307692307692,1002.9230769230769
05/09/16,31.076923076923077,60.30769230769231,13.961538461538463,1003.2307692307693
06/09/16,30.375,55,13.437499999999998,1003.75
07/09/16,31.1,57.7,9.1,1003.4545454545455
08/09/16,31.916666666666668,58,10.808333333333332,1005.1666666666666
09/09/16,30.555555555555557,56.666666666666664,11.52222222222222,1004.3333333333334
10/09/16,31.23076923076923,58.23076923076923,11.969230769230771,1005.2307692307693
11/09/16,31,56.4,8.15,1003.8
12/09/16,31.642857142857142,55.5,10.85,1005.0714285714286
13/09/16,32.53333333333333,57.06666666666667,8.526666666666666,1006.4
14/09/16,30.857142857142858,70.35714285714286,4.235714285714287,1006.9285714285714
15/09/16,31.727272727272727,59.63636363636363,11.9,1004.75
16/09/16,31.4,58,3.5200000000000005,1004.4
17/09/16,32.30769230769231,58,2.707692307692308,1003.1538461538462
18/09/16,32.25,58.833333333333336,17.908333333333335,1005
19/09/16,32.375,59.458333333333336,2.0875,1004.7083333333334
20/09/16,33.44444444444444,54.074074074074076,2.569230769,1003.5185185185185
21/09/16,33.36,58.96,6.0920000000000005,1005.4
22/09/16,30.037037037037038,67.62962962962963,8.107407407407404,1008.7777777777778
23/09/16,31,66.10714285714286,3.571428571428573,1005.3214285714286
24/09/16,31.24,66.48,5.496153846153845,1352.6153846153845
25/09/16,31.130434782608695,62.30434782608695,3.1478260869565218,1004.7826086956521
26/09/16,31.48,60.88,2.986956521739131,1006.76
27/09/16,32.18518518518518,57.81481481481482,1.7807692307692307,1006.7037037037037
28/09/16,32.44,55.28,2.5200000000000005,1005.28
29/09/16,32.22727272727273,61.31818181818182,3.9636363636363643,1005.5909090909091
30/09/16,32.214285714285715,59.357142857142854,2.582142857142858,1005.5714285714286
01/10/16,32.541666666666664,61.916666666666664,3.170833333333334,1007.5
02/10/16,32.81481481481482,61.81481481481482,4.122222222222223,1009.1111111111111
03/10/16,33.26923076923077,59.57692307692308,3.992592592592593,1007.1851851851852
04/10/16,30.555555555555557,69.81481481481481,5.770370370370371,1005.3703703703703
05/10/16,28.833333333333332,71.875,3.3249999999999997,1005.25
06/10/16,30.703703703703702,64.81481481481481,3.2333333333333325,1007.1481481481482
07/10/16,30.96,59.96,15.825000000000001,1007.2
08/10/16,30.6,57.96,8.761538462,1006.8461538461538
09/10/16,30.92,59.2,3.184000000000001,1005.96
10/10/16,29.77777777777778,51.111111111111114,4.807407407407408,1006.1481481481482
11/10/16,29.666666666666668,51.148148148148145,8.922222222222224,1006.5925925925926
12/10/16,29.571428571428573,47.285714285714285,11.371428571428568,1006.25
13/10/16,29.962962962962962,44,13.022222222222224,1008.3333333333334
14/10/16,29.75,47.875,8.934782608695652,1009.125
15/10/16,27.74074074074074,54.148148148148145,6.662962962962963,1010.5185185185185
16/10/16,28.428571428571427,49.857142857142854,7.014285714285715,1011.8571428571429
17/10/16,28.6,49.24,7.1160000000000005,1010.56
18/10/16,28.5,48.458333333333336,7.668181818181818,1009.4583333333334
19/10/16,28.925925925925927,49.18518518518518,6.459259259259259,1008.5555555555555
20/10/16,29.076923076923077,47.73076923076923,9.123999999999999,1007.5384615384615
21/10/16,28.40909090909091,50.40909090909091,10.695454545454547,1008.7272727272727
22/10/16,29.333333333333332,49.48148148148148,13.323076923076924,1009.3703703703703
23/10/16,27.5,54.96153846153846,11.546153846153846,1009.3076923076923
24/10/16,28.5,51.42307692307692,11.188461538461537,1008.2692307692307
25/10/16,28.04,54.56,12.388461538461542,1008.9230769230769
26/10/16,27.576923076923077,56.19230769230769,5.699999999999998,1011.7307692307693
27/10/16,26.555555555555557,59.370370370370374,6.044444444444444,1014.6296296296297
28/10/16,25.51851851851852,58.77777777777778,7.277777777777777,1012.4074074074074
29/10/16,25.814814814814813,62.77777777777778,1.7148148148148148,1013
30/10/16,24.82608695652174,71.04347826086956,2.0130434782608697,1014.6086956521739
31/10/16,24.53846153846154,66.80769231,1.6423076923076925,1017.8076923076923
01/11/16,24.384615384615383,58.73076923076923,2.7153846153846155,1016.3846153846154
02/11/16,23.727272727272727,65.90909091,1.4318181818181817,1016.5909090909091
03/11/16,25.64,59.76,2.2320000000000007,1016.24
04/11/16,24.814814814814813,58.2962963,4.122222222222222,1012.6296296296297
05/11/16,23.115384615384617,66.57692307692308,5.784615384615384,1010.3461538461538
06/11/16,22.925925925925927,63.851851851851855,2.411111111111111,1011.5185185185185
07/11/16,24.545454545454547,51.31818181818182,8.172727272727274,1012.7727272727273
08/11/16,23.73076923076923,52.26923076923077,12.750000000000002,1013.64
09/11/16,23,49.7037037,7.074074074074074,1014.6666666666666
10/11/16,23.51851851851852,50.148148148148145,3.225925925925927,1013.8148148148148
11/11/16,23.92,54.04,2.968,1014.08
12/11/16,23.53846153846154,58.03846153846154,2.7846153846153854,1015.1538461538462
13/11/16,24.296296296296298,55.81481481481482,4.3999999999999995,1016.5185185185185
14/11/16,23.346153846153847,60.73076923076923,1.4961538461538462,1015.7307692307693
15/11/16,22.24,55.72,4.087999999999999,1016.24
16/11/16,21.76923076923077,53.23076923076923,7.138461538461537,1017.5384615384615
17/11/16,21.73076923076923,51.73076923076923,11.549999999999999,1350.2962962962963
18/11/16,21.73076923076923,53.61538461538461,7.7799999999999985,1014.6923076923077
19/11/16,20.666666666666668,60.666666666666664,2.8400000000000003,1012.4666666666667
20/11/16,22.25,59.9,2.5050000000000003,1013.35
21/11/16,21.53846153846154,60.46153846153846,2.7153846153846155,1013
22/11/16,22.57894736842105,50.15789474,7.999999999999998,1012.8947368421053
23/11/16,22.82608695652174,51.43478260869565,6.604347826086956,1013.1739130434783
24/11/16,21.42105263157895,51.473684210526315,8.289473684210526,1014.9473684210526
25/11/16,23.6,30.55,15.085000000000003,1012.95
26/11/16,24.294117647058822,32.64705882352941,14.494117647058824,1013.25
27/11/16,23.636363636363637,33.63636363636363,12.45909090909091,1013.5909090909091
28/11/16,22.454545454545453,37.31818181818182,9.185714285714287,12.045454545454545
29/11/16,21.61111111111111,53.72222222222222,1.238888888888889,1015
30/11/16,19.869565217391305,80.08695652173913,4.269565217391306,1016.6086956521739
01/12/16,19.75,84,2.704166666666667,1016.875
02/12/16,19.208333333333332,75.875,4.945833333333334,1017.75
03/12/16,21.208333333333332,52.166666666666664,5.866666666666666,1019.3333333333334
04/12/16,18.9,55.25,5.666666666666666,1019.7
05/12/16,,56.59090909090909,4.9523809523809526,1017.0454545454545
06/12/16,18.53846153846154,69.92307692307692,2.5038461538461543,1017.9615384615385
07/12/16,18.25,74.35,0.925,1017.421052631579
08/12/16,16.9,73.3,1.7650000000000001,1016.2
09/12/16,19.416666666666668,68.125,1.3125,1013.4166666666666
10/12/16,16.444444444444443,82.83333333333333,5.355555555555556,1014
11/12/16,20.041666666666668,69.58333333333333,4.716666666666667,1013.2916666666666
12/12/16,19.90909090909091,63.86363636363637,3.2818181818181817,1014.1818181818181
13/12/16,19.05,62.35,3.4300000000000006,1015.1
14/12/16,,58.611111111111114,8.027777777777775,1017.3333333333334
15/12/16,,56.625,9.879166666666666,1016.6666666666666
16/12/16,,63.27777777777778,3.9166666666666674,1018.7777777777778
17/12/16,17.5,63.388888888888886,6.731578947368422,1016.9473684210526
18/12/16,16.083333333333332,64.54166666666667,6.420833333333331,1018.0833333333334
19/12/16,17.857142857142858,56.095238095238095,10.414285714285715,1017.4285714285714
20/12/16,19.8,48.53333333333333,15.926666666666673,1015.2
21/12/16,18.05,54.3,19.40476190476191,1015.6190476190476
22/12/16,17.285714285714285,57.857142857142854,6.1809523809523785,1016.1428571428571
23/12/16,15.55,74.7,1.205,1014.25
24/12/16,17.318181818181817,78.63636363636364,5.236363636363636,1011.3181818181819
25/12/16,14,94.3,9.084999999999999,1014.35
26/12/16,17.142857142857142,74.85714285714286,8.784210526315787,1016.952380952381
27/12/16,16.85,67.55,8.335,1017.2
28/12/16,17.217391304347824,68.04347826086956,3.547826086956522,1015.5652173913044
29/12/16,15.238095238095237,87.85714285714286,6,1016.9047619047619
30/12/16,14.095238095238095,89.66666666666667,6.266666666666667,1017.9047619047619
31/12/16,15.052631578947368,87,7.325,1016.1
01/01/17,10,100,0,1016